{
	"pages": [ //pages数组中第一项表示应用启动页，参考：https://uniapp.dcloud.io/collocation/pages
		{
			"path": "pages/index/index",
			"style": {
				"navigationBarTitleText": "客房服务助手"
			}
		},
		{
			"path": "pages/login/login",
			"style": {
				"navigationBarTitleText": "登录"
			}
		},
		{
			"path": "pages/mine/mine",
			"style": {
				"navigationBarTitleText": "我的"
			}
		},
		{
			"path": "pages/service/service",
			"style": {
				"navigationBarTitleText": "客房服务管家"
			}
		},
		{
			"path": "pages/mine/wallet",
			"style": {
				"navigationBarTitleText": "我的钱包"
			}
		},
		{
			"path": "pages/mine/walletRecord",
			"style": {
				"navigationBarTitleText": "记录"
			}
		},
		{
			"path": "pages/mine/question",
			"style": {
				"navigationBarTitleText": "常见问题"
			}
		},
		{
			"path": "pages/mine/answer",
			"style": {
				"navigationBarTitleText": "常见问题"
			}
		},
		{
			"path": "pages/mine/feedback",
			"style": {
				"navigationBarTitleText": "问题反馈"
			}
		},
		{
			"path": "pages/mine/agreement",
			"style": {
				"navigationBarTitleText": "用户协议"
			}
		},
		{
			"path": "pages/mine/aboutUs",
			"style": {
				"navigationBarTitleText": "关于我们"
			}
		}
	],
	"tabBar": {
		"color": "#333",
		"selectedColor": "#00a4ef",
		"borderStyle": "black",
		"backgroundColor": "#ffffff",
		"list": [
			{
				"pagePath": "pages/index/index",
				"iconPath": "static/image/logo.png",
				"selectedIconPath": "static/image/logo.png",
				"text": "首页"
			},
			{
				"pagePath": "pages/mine/mine",
				"iconPath": "static/image/logo.png",
				"selectedIconPath": "static/image/logo.png",
				"text": "我的"
			}
		]
	},
	"globalStyle": {
		"navigationBarTextStyle": "white",
		"navigationBarTitleText": "uni-app",
		"navigationBarBackgroundColor": "#00a4ef",
		"backgroundColor": "#eee"
	},
	"easycom": {
		"autoscan": true,
		"custom": {
			"^uni-(.*)": "@dcloudio/uni-ui/lib/uni-$1/uni-$1.vue"
		}
	}
}
